INSERT INTO Patient (patient_id, first_name, last_name, phone, DOB, address, gender) VALUES
(100001, 'John', 'Doe', 1234567890, '1980-01-01', '123 Elm St', 'male'),
(100002, 'Jane', 'Smith', 1234567891, '1990-02-02', '456 Oak St', 'female'),
(100003, 'Jim', 'Brown', 1234567892, '1985-03-03', '789 Pine St', 'male'),
(100004, 'Emily', 'Davis', 1234567893, '1995-04-04', '321 Maple St', 'female'),
(100005, 'Michael', 'Wilson', 1234567894, '1978-05-05', '654 Birch St', 'male'),
(100006, 'Sarah', 'Miller', 1234567895, '1983-06-06', '987 Cedar St', 'female'),
(100007, 'Robert', 'Moore', 1234567896, '1970-07-07', '234 Fir St', 'male'),
(100008, 'Jessica', 'Taylor', 1234567897, '1988-08-08', '567 Aspen St', 'female'),
(100009, 'David', 'Anderson', 1234567898, '1992-09-09', '891 Cherry St', 'male'),
(100010, 'Laura', 'Thomas', 1234567899, '1979-10-10', '432 Poplar St', 'female'),
(100011, 'James', 'Jackson', 1234567800, '1987-11-11', '765 Walnut St', 'male'),
(100012, 'Mary', 'White', 1234567801, '1986-12-12', '210 Willow St', 'female'),
(100013, 'Chris', 'Harris', 1234567802, '1975-01-13', '543 Spruce St', 'male'),
(100014, 'Linda', 'Martin', 1234567803, '1981-02-14', '876 Sycamore St', 'female'),
(100015, 'Matthew', 'Thompson', 1234567804, '1982-03-15', '109 Maple St', 'male'),
(100016, 'Patricia', 'Garcia', 1234567805, '1984-04-16', '341 Oak St', 'female'),
(100017, 'Andrew', 'Martinez', 1234567806, '1991-05-17', '674 Pine St', 'male'),
(100018, 'Barbara', 'Robinson', 1234567807, '1977-06-18', '987 Elm St', 'female'),
(100019, 'Joshua', 'Clark', 1234567808, '1973-07-19', '231 Birch St', 'male'),
(100020, 'Sophia', 'Rodriguez', 1234567809, '1989-08-20', '567 Cedar St', 'female');
INSERT INTO Doctor (doctor_id, doctor_name, license_number, phone) VALUES
(200001, 'Dr. Alice', 654321, 9876543210),
(200002, 'Dr. Bob', 654322, 9876543211),
(200003, 'Dr. Charlie', 654323, 9876543212),
(200004, 'Dr. Diane', 654324, 9876543213),
(200005, 'Dr. Edward', 654325, 9876543214),
(200006, 'Dr. Fiona', 654326, 9876543215),
(200007, 'Dr. George', 654327, 9876543216),
(200008, 'Dr. Hannah', 654328, 9876543217),
(200009, 'Dr. Ian', 654329, 9876543218),
(200010, 'Dr. Julia', 654330, 9876543219),
(200011, 'Dr. Kevin', 654331, 9876543220),
(200012, 'Dr. Laura', 654332, 9876543221),
(200013, 'Dr. Michael', 654333, 9876543222),
(200014, 'Dr. Natalie', 654334, 9876543223),
(200015, 'Dr. Oliver', 654335, 9876543224),
(200016, 'Dr. Patricia', 654336, 9876543225),
(200017, 'Dr. Quentin', 654337, 9876543226),
(200018, 'Dr. Rachel', 654338, 9876543227),
(200019, 'Dr. Steven', 654339, 9876543228),
(200020, 'Dr. Tina', 654340, 9876543229);
INSERT INTO Appointment (appointment_id, appointment_date, patient_id, doctor_id) VALUES
(300001, '2024-10-21 10:00:00', 100001, 200001),
(300002, '2024-10-21 11:00:00', 100002, 200002),
(300003, '2024-10-21 12:00:00', 100003, 200003),
(300004, '2024-10-21 13:00:00', 100004, 200004),
(300005, '2024-10-21 14:00:00', 100005, 200005),
(300006, '2024-10-21 15:00:00', 100006, 200006),
(300007, '2024-10-21 16:00:00', 100007, 200007),
(300008, '2024-10-21 17:00:00', 100008, 200008),
(300009, '2024-10-21 18:00:00', 100009, 200009),
(300010, '2024-10-21 19:00:00', 100010, 200010),
(300011, '2024-10-22 10:00:00', 100011, 200011),
(300012, '2024-10-22 11:00:00', 100012, 200012),
(300013, '2024-10-22 12:00:00', 100013, 200013),
(300014, '2024-10-22 13:00:00', 100014, 200014),
(300015, '2024-10-22 14:00:00', 100015, 200015),
(300016, '2024-10-22 15:00:00', 100016, 200016),
(300017, '2024-10-22 16:00:00', 100017, 200017),
(300018, '2024-10-22 17:00:00', 100018, 200018),
(300019, '2024-10-22 18:00:00', 100019, 200019),
(300020, '2024-10-22 19:00:00', 100020, 200020);
INSERT INTO Medicine (medicine_id, medicine_name, dosage_frequency, prescription_id) VALUES
(400001, 'Paracetamol', 'Twice a day', 500001),
(400002, 'Ibuprofen', 'Once a day', 500002),
(400003, 'Aspirin', 'Once every 6 hours', 500003),
(400004, 'Amoxicillin', 'Three times a day', 500004),
(400005, 'Metformin', 'Twice a day', 500005),
(400006, 'Lisinopril', 'Once a day', 500006),
(400007, 'Atorvastatin', 'Once a day', 500007),
(400008, 'Amlodipine', 'Once a day', 500008),
(400009, 'Simvastatin', 'Once a day', 500009),
(400010, 'Hydrochlorothiazide', 'Once a day', 500010),
(400011, 'Omeprazole', 'Once a day', 500011),
(400012, 'Clopidogrel', 'Once a day', 500012),
(400013, 'Losartan', 'Once a day', 500013),
(400014, 'Azithromycin', 'Once a day', 500014),
(400015, 'Cetirizine', 'Once a day', 500015),
(400016, 'Levothyroxine', 'Once a day', 500016),
(400017, 'Loratadine', 'Once a day', 500017),
(400018, 'Prednisone', 'Once a day', 500018),
(400019, 'Ciprofloxacin', 'Twice a day', 500019),
(400020, 'Warfarin', 'Once a day', 500020);
INSERT INTO Prescription (prescription_id, date_issued, dosage_instructions, doctor_id) VALUES
(500001, '2024-10-01', 'Take with food', 200001),
(500002, '2024-10-02', 'Take after meals', 200002),
(500003, '2024-10-03', 'Do not take on an empty stomach', 200003),
(500004, '2024-10-04', 'Take with water', 200004),
(500005, '2024-10-05', 'Avoid alcohol', 200005),
(500006, '2024-10-06', 'Do not crush or chew', 200006),
(500007, '2024-10-07', 'Take with a full glass of water', 200007),
(500008, '2024-10-08', 'Take before bed', 200008),
(500009, '2024-10-09', 'Take on an empty stomach', 200009),
(500010, '2024-10-10', 'Take at the same time each day', 200010),
(500011, '2024-10-11', 'Do not skip doses', 200011),
(500012, '2024-10-12', 'Take with food', 200012),
(500013, '2024-10-13', 'Avoid dairy products', 200013),
(500014, '2024-10-14', 'Do not take with other medications', 200014),
(500015, '2024-10-15', 'Take with breakfast', 200015),
(500016, '2024-10-16', 'Take after lunch', 200016),
(500017, '2024-10-17', 'Take with water', 200017),
(500018, '2024-10-18', 'Do not lie down after taking', 200018),
(500019, '2024-10-19', 'Take twice daily', 200019),
(500020, '2024-10-20', 'Take once daily', 200020),
(500021, '2024-10-20', 'Take once daily', 200020);

INSERT INTO MedicineRecord (record_id, medication_issuance_frequency, medication_issuance_time, patient_id, medicine_id) VALUES
(600001, 2, '2024-10-01 08:00:00', 100001, 400001),
(600002, 1, '2024-10-02 09:00:00', 100002, 400002),
(600003, 4, '2024-10-03 10:00:00', 100003, 400003),
(600004, 3, '2024-10-04 11:00:00', 100004, 400004),
(600005, 2, '2024-10-05 12:00:00', 100005, 400005),
(600006, 1, '2024-10-06 13:00:00', 100006, 400006),
(600007, 1, '2024-10-07 14:00:00', 100007, 400007),
(600008, 1, '2024-10-08 15:00:00', 100008, 400008),
(600009, 1, '2024-10-09 16:00:00', 100009, 400009),
(600010, 1, '2024-10-10 17:00:00', 100010, 400010),
(600011, 1, '2024-10-11 18:00:00', 100011, 400011),
(600012, 1, '2024-10-12 19:00:00', 100012, 400012),
(600013, 1, '2024-10-13 20:00:00', 100013, 400013),
(600014, 1, '2024-10-14 21:00:00', 100014, 400014),
(600015, 1, '2024-10-15 22:00:00', 100015, 400015),
(600016, 1, '2024-10-16 23:00:00', 100016, 400016),
(600017, 1, '2024-10-17 08:00:00', 100017, 400017),
(600018, 1, '2024-10-18 09:00:00', 100018, 400018),
(600019, 2, '2024-10-19 10:00:00', 100019, 400019),
(600020, 1, '2024-10-20 11:00:00', 100020, 400020);
INSERT INTO Lab (lab_id, lab_name, zipcode) VALUES
(700001, 'Central Lab', '12345'),
(700002, 'Eastside Lab', '23456'),
(700003, 'Westside Lab', '34567'),
(700004, 'Northside Lab', '45678'),
(700005, 'Southside Lab', '56789'),
(700006, 'Downtown Lab', '67890'),
(700007, 'Uptown Lab', '78901'),
(700008, 'Suburban Lab', '89012'),
(700009, 'Rural Lab', '90123'),
(700010, 'Metro Lab', '01234'),
(700011, 'City Lab', '22345'),
(700012, 'Community Lab', '33456'),
(700013, 'Regional Lab', '44567'),
(700014, 'District Lab', '55678'),
(700015, 'State Lab', '66789'),
(700016, 'County Lab', '77890'),
(700017, 'Province Lab', '88901'),
(700018, 'Municipal Lab', '99012'),
(700019, 'Federal Lab', '10123'),
(700020, 'International Lab', '11234');
INSERT INTO Test (test_id, test_type, test_date, patient_id, lab_id) VALUES
(800001, 'CBC', '2024-10-01', 100001, 700001),
(800002, 'Antibody', '2024-10-02', 100002, 700002),
(800003, 'CRP', '2024-10-03', 100003, 700003),
(800004, 'CBC', '2024-10-04', 100004, 700004),
(800005, 'Antibody', '2024-10-05', 100005, 700005),
(800006, 'CRP', '2024-10-06', 100006, 700006),
(800007, 'CBC', '2024-10-07', 100007, 700007),
(800008, 'Antibody', '2024-10-08', 100008, 700008),
(800009, 'CRP', '2024-10-09', 100009, 700009),
(800010, 'CBC', '2024-10-10', 100010, 700010),
(800011, 'Antibody', '2024-10-11', 100011, 700011),
(800012, 'CRP', '2024-10-12', 100012, 700012),
(800013, 'CBC', '2024-10-13', 100013, 700013),
(800014, 'Antibody', '2024-10-14', 100014, 700014),
(800015, 'CRP', '2024-10-15', 100015, 700015),
(800016, 'CBC', '2024-10-16', 100016, 700016),
(800017, 'Antibody', '2024-10-17', 100017, 700017),
(800018, 'CRP', '2024-10-18', 100018, 700018),
(800019, 'CBC', '2024-10-19', 100019, 700019),
(800020, 'Antibody', '2024-10-20', 100020, 700020);
INSERT INTO LabReport (report_id, illness_name, memo, lab_id, doctor_id) VALUES
(900001, 'Hypertension', 'Patient shows early signs of hypertension', 700001, 200001),
(900002, 'Diabetes', 'Type 2 diabetes detected', 700002, 200002),
(900003, 'Anemia', 'Mild iron deficiency anemia', 700003, 200003),
(900004, 'Asthma', 'Patient reports frequent asthma attacks', 700004, 200004),
(900005, 'Infection', 'Bacterial infection detected', 700005, 200005),
(900006, 'Kidney Disease', 'Early-stage kidney disease', 700006, 200006),
(900007, 'Heart Disease', 'Patient has signs of coronary artery disease', 700007, 200007),
(900008, 'Liver Disease', 'Liver enzymes elevated', 700008, 200008),
(900009, 'Pneumonia', 'Lung infection detected', 700009, 200009),
(900010, 'Arthritis', 'Patient shows signs of rheumatoid arthritis', 700010, 200010),
(900011, 'Hypertension', 'Blood pressure high, monitor regularly', 700011, 200011),
(900012, 'Diabetes', 'Patient blood sugar levels are elevated', 700012, 200012),
(900013, 'Anemia', 'Iron deficiency anemia detected', 700013, 200013),
(900014, 'Asthma', 'Severe asthma attacks noted', 700014, 200014),
(900015, 'Infection', 'Patient shows infection symptoms', 700015, 200015),
(900016, 'Kidney Disease', 'Patient diagnosed with kidney disease', 700016, 200016),
(900017, 'Heart Disease', 'Heart condition requiring monitoring', 700017, 200017),
(900018, 'Liver Disease', 'Liver tests are abnormal', 700018, 200018),
(900019, 'Pneumonia', 'Patient diagnosed with pneumonia', 700019, 200019),
(900020, 'Arthritis', 'Rheumatoid arthritis detected', 700020, 200020);
INSERT INTO DeliveryTracer (patient_id, medicine_id) VALUES
(100001, 400001),
(100002, 400002),
(100003, 400003),
(100004, 400004),
(100005, 400005),
(100006, 400006),
(100007, 400007),
(100008, 400008),
(100009, 400009),
(100010, 400010),
(100011, 400011),
(100012, 400012),
(100013, 400013),
(100014, 400014),
(100015, 400015),
(100016, 400016),
(100017, 400017),
(100018, 400018),
(100019, 400019),
(100020, 400020);
INSERT INTO Survey (survey_id, last_sync, symptom, immuno_compromised, patient_id) VALUES
(110001, '2024-10-01', 'Cough', 0, 100001),
(110002, '2024-10-02', 'Fever', 1, 100002),
(110003, '2024-10-03', 'Fatigue', 0, 100003),
(110004, '2024-10-04', 'Headache', 1, 100004),
(110005, '2024-10-05', 'Shortness of breath', 0, 100005),
(110006, '2024-10-06', 'Sore throat', 1, 100006),
(110007, '2024-10-07', 'Muscle pain', 0, 100007),
(110008, '2024-10-08', 'Loss of taste', 1, 100008),
(110009, '2024-10-09', 'Loss of smell', 0, 100009),
(110010, '2024-10-10', 'Chills', 1, 100010),
(110011, '2024-10-11', 'Nausea', 0, 100011),
(110012, '2024-10-12', 'Diarrhea', 1, 100012),
(110013, '2024-10-13', 'Vomiting', 0, 100013),
(110014, '2024-10-14', 'Chest pain', 1, 100014),
(110015, '2024-10-15', 'Congestion', 0, 100015),
(110016, '2024-10-16', 'Runny nose', 1, 100016),
(110017, '2024-10-17', 'Cough', 0, 100017),
(110018, '2024-10-18', 'Fever', 1, 100018),
(110019, '2024-10-19', 'Fatigue', 0, 100019),
(110020, '2024-10-20', 'Headache', 1, 100020);
INSERT INTO DiseasesHistory (survey_id, diseases_name) VALUES
(110001, 'Flu'),
(110002, 'COVID-19'),
(110003, 'Cold'),
(110004, 'Migraine'),
(110005, 'Asthma'),
(110006, 'COVID-19'),
(110007, 'Flu'),
(110008, 'COVID-19'),
(110009, 'Cold'),
(110010, 'Flu'),
(110011, 'COVID-19'),
(110012, 'Asthma'),
(110013, 'Cold'),
(110014, 'Flu'),
(110015, 'COVID-19'),
(110016, 'Flu'),
(110017, 'COVID-19'),
(110018, 'Asthma'),
(110019, 'Cold'),
(110020, 'Flu');

